Daily Samples Tested,Daily samples reported as negative,Daily Samples Positive for COVID-19,People in Oberservation,KIA-Passengers,Mangalore-Passengers,Seaport M and K- passengers,Daily samples collected for Testing,Date
579,460,6,,72726,27172,5394,579,12-03-2020
60,80,0,1345,2728,615,,60,13-03-2020
92,50,0,1657,3004,791,5439,92,14-03-2020
131,19,0,1877,2376,358,5458,131,15-03-2020
33,86,1,2221,2025,748,5505,33,16-03-2020
48,71,4,2572,2145,408,5553,48,17-03-2020
125,103,3,2935,1876,563,5622,125,18-03-2020
75,46,1,3049,2079,566,5695,75,19-03-2020
64,55,0,4030,616,566,5759,64,20-03-2020
170,26,5,4681,1521,474,5826,170,21-03-2020
10,112,6,10219,1406,271,5918,10,22-03-2020
96,45,7,12029,1369,,6022,96,23-03-2020
160,43,8,12406,,,,160,24-03-2020
278,175,10,13246,,,46,278,25-03-2020
293,190,4,14066,,,,293,26-03-2020
237,150,9,14115,,,,237,27-03-2020
195,141,12,14115,,,,195,28-03-2020
179,229,7,14115,,,,179,29-03-2020
172,207,5,42929,,,,172,30-03-2020
206,198,13,45247,,,,206,31-03-2020
244,182,9,45034,,,,244,01-04-2020
384,235,14,42564,,,,384,02-04-2020
344,321,4,37358,,,,344,03-04-2020
400,304,16,32647,,,,400,04-04-2020
482,471,7,30509,,,,482,05-04-2020
325,324,12,29962,,,,325,06-04-2020
617,437,12,26871,,,,617,07-04-2020
516,424,6,25971,,,,516,08-04-2020
572,656,16,23671,,,,572,09-04-2020
574,497,10,23089,,,,574,10-04-2020
585,558,8,20997,,,,585,11-04-2020
691,600,17,19658,,,,691,12-04-2020
766,741,15,18598,,,,1196,13-04-2020
1090,982,13,15189,,,,1507,14-04-2020
1376,1351,19,13812,,,,2465,15-04-2020
1241,1169,36,13413,,,,2780,16-04-2020
2070,1532,44,13313,,,,3412,17-04-2020
1592,1052,25,12413,,,,2788,18-04-2020
2181,2004,6,13546,,,,2181,19-04-2020
2093,1835,18,13617,,,,,20-04-2020
2773,2725,10,14341,,,,,21-04-2020
3279,3202,9,15864,,,,,22-04-2020
2798,2750,18,18247,,,,,23-04-2020
3836,3740,29,19407,,,,,24-04-2020
3125,2974,26,21085,,,,,25-04-2020
3815,3319,3,23284,,,,,26-04-2020
2721,2639,9,23942,,,,,27-04-2020
4827,4717,11,23943,,,,,28-04-2020
4892,4733,11,24013,,,,,29-04-2020
4752,4307,30,23871,,,,,30-04-2020
4742,4406,24,24133,,,,,01-05-2020
4832,4620,12,23238,,,,,02-05-2020
5168,4523,13,23238,,,,,03-05-2020
4295,3666,37,25684,,,,,04-05-2020
4613,4196,22,26197,,,,,05-05-2020
4971,4784,20,26394,,,,,06-05-2020
4758,4700,12,26197,,,,,07-05-2020
4546,4481,48,25865,,,,,08-05-2020
4160,4016,41,25399,,,,,09-05-2020
5068,4940,54,25432,,,,,10-05-2020
4284,4201,14,23776,,,,,11-05-2020
4938,4797,63,22474,,,,,12-05-2020
4645,4574,34,20700,,,,,13-05-2020
7195,7097,28,21383,,,,,14-05-2020
5351,5308,69,20331,,,,,15-05-2020
6300,6142,36,19688,,,,,16-05-2020
5374,5228,55,18648,,,,,17-05-2020
6265,6122,99,22287,,,,,18-05-2020
6936,6681,149,23187,,,,,19-05-2020
8182,7952,67,23187,,,,,20-05-2020
7516,7285,143,23604,,,,,21-05-2020
12229,11604,138,24179,,,,,22-05-2020
9670,9039,216,25667,442,,,,23-05-2020
10117,9851,130,26143,749,,,,24-05-2020
13581,13330,93,27325,0,,,,25-05-2020
9020,8169,101,25852,0,,,,26-05-2020
12694,12399,135,25091,491,,,,27-05-2020
10470,10239,115,23851,137,,,,28-05-2020
12411,12015,248,25860,172,,,,29-05-2020
15728,15274,141,28538,208,,,,30-05-2020
13358,12841,299,29239,353,,,,31-05-2020
11241,10807,187,30471,0,,,,01-06-2020
14812,13915,388,32239,8,,,,02-06-2020
15197,14719,267,34522,82,,,,03-06-2020
12268,11468,257,37733,155,,,,04-06-2020
13627,12797,515,36787,64,,,,05-06-2020
11862,11431,378,35632,248,,,,06-06-2020
11860,11017,239,41150,0,,,,07-06-2020
8779,8231,308,40477,0,,,,08-06-2020
7036,6397,161,42500,231,,,,09-06-2020
8249,7576,120,44160,0,,,,10-06-2020
8000,7502,204,46765,235,,,,11-06-2020
9835,9139,271,34231,178,,,,12-06-2020
10177,9529,308,35552,531,,,,13-06-2020
7451,6835,176,35946,454,,,,14-06-2020
5362,4738,213,35677,0,,,,15-06-2020
7936,7308,317,36373,642,,,,16-06-2020
7531,6794,204,35586,195,,,,17-06-2020
8709,8028,210,34657,373,,,,18-06-2020
10553,9862,337,34984,0,,,,19-06-2020
9833,9019,416,33930,138,,,,20-06-2020
12872,11988,453,34768,357,,,,21-06-2020
9204,8576,249,35605,258,,,,22-06-2020
10569,9813,322,37338,417,,,,23-06-2020
12709,11654,397,38909,406,,,,24-06-2020
14078,12343,442,39421,292,,,,25-06-2020
14733,13817,445,39954,100,,,,26-06-2020
13577,12547,918,41023,89,,,,27-06-2020
13835,12448,1267,35509,365,,,,28-06-2020
9689,8794,1105,42847,70,,,,29-06-2020
15588,14300,947,43625,0,,,,30-06-2020
16670,15185,1272,45258,0,,,,01-07-2020
16210,14470,1502,44950,0,,,,02-07-2020
18307,16290,1696,82082,0,,,,03-07-2020
17592,15294,1839,56341,0,,,,04-07-2020
16899,14649,1925,53803,0,,,,05-07-2020
15880,13742,1843,56927,0,,,,06-07-2020
17742,15549,1498,66795,0,,,,07-07-2020
19134,16503,2062,60027,0,,,,08-07-2020
20028,17568,2228,64447,0,,,,09-07-2020
19228,16473,2313,68000,0,,,,10-07-2020
20587,17488,2798,72432,0,,,,11-07-2020
20050,16761,2627,76791,0,,,,12-07-2020
17074,13952,2738,82892,0,,,,13-07-2020
23674,19603,2496,84541,0,,,,14-07-2020
22204,18082,3176,95078,0,,,,15-07-2020
23451,19347,4169,97821,0,,,,16-07-2020
27940,19873,3693,96306,0,,,,17-07-2020
29284,28550,4537,111661,0,,,,18-07-2020
16829,28929,4120,115765,0,,,,19-07-2020
25890,30366,3648,116931,0,,,,20-07-2020
26556,35780,3649,123900,0,,,,21-07-2020
27773,38320,4764,126560,0,,,,22-07-2020
29819,,5030,130399,0,,,,23-07-2020
32765,,5007,130981,0,,,,24-07-2020
33565,,5072,136283,0,,,,25-07-2020
28224,,5199,138508,0,,,,26-07-2020
37720,,5324,139411,0,,,,27-07-2020
32990,,5536,154459,0,,,,28-07-2020
38095,,5503,168893,0,,,,29-07-2020
36936,,6128,182623,0,,,,30-07-2020
34760,,5483,202169,0,,,,31-07-2020
33017,,5172,205706,0,,,,01-08-2020
27989,,5532,225372,0,,,,02-08-2020
42458,,4752,254738,0,,,,03-08-2020
43638,,6259,278379,0,,,,04-08-2020
48421,,5619,292039,0,,,,05-08-2020
43553,,6805,321442,0,,,,06-08-2020
43883,,6670,358495,0,,,,07-08-2020
37936,,7178,378417,0,,,,08-08-2020
22620,,5985,383377,0,,,,09-08-2020
43924,,4267,360713,0,,,,10-08-2020
53326,,6257,332997,0,,,,11-08-2020
55999,,7883,289355,0,,,,12-08-2020
56638,,6706,246115,0,,,,13-08-2020
54806,,7908,225533,0,,,,14-08-2020
43626,,8818,346968,0,,,,15-08-2020
37700,,7040,350707,0,,,,16-08-2020
59088,,6317,332225,0,,,,17-08-2020
63085,,7665,328804,179316,,,,18-08-2020
59603,,8642,326591,NA,,,,19-08-2020
57623,,7385,354178,NA,,,,20-08-2020
58618,,7571,400180,NA,,,,21-08-2020
40848,,7330,421271,NA,,,,22-08-2020
39817,,5938,405508,NA,,,,23-08-2020
59787,,5851,362984,NA,,,,24-08-2020
67066,,8161,353017,NA,,,,25-08-2020
68187,,8580,380455,211959,,,,26-08-2020
64226,,9386,385423,212233,,,,27-08-2020
72684,,8960,384082,NA,,,,28-08-2020
66957,,8324,398584,NA,,,,29-08-2020
43132,,8852,267590,NA,,,,30-08-2020
83670,,6495,434944,212616,,,,31-08-2020
73317,,9058,431513,NA,,,,01-09-2020
71124,,9860,439571,NA,,,,02-09-2020
73192,,8865,463564,NA,,,,03-09-2020
76761,,9280,473307,NA,,,,04-09-2020
74384,,9746,485789,NA,,,,05-09-2020
45421,,9319,494505,NA,,,,06-09-2020
67443,,5773,515764,NA,,,,07-09-2020
70322,,7866,516958,NA,,,,08-09-2020
54709,,9540,513701,213196,,,,09-09-2020
64669,,9217,484999,213920,,,,10-09-2020
63583,,9464,493649,NA,,,,11-09-2020
67955,,9140,500879,214347,,,,12-09-2020
45961,,9894,513883,NA,,,,13-09-2020
68365,,8244,510282,NA,,,,14-09-2020
70981,,7576,488013,215660,,,,15-09-2020
72030,,9725,495094,NA,,,,16-09-2020
57470,,9366,492302,NA,,,,17-09-2020
63784,,8626,486282,NA,,,,18-09-2020
60477,,8364,483087,NA,,,,19-09-2020
42691,,8191,509512,NA,,,,20-09-2020
55707,,7339,503570,216530,,,,21-09-2020
56398,,6974,482882,NA,,,,22-09-2020
64164,,6997,492101,216722,,,,23-09-2020
59919,,7710,483698,217610,,,,24-09-2020
67857,,8417,475438,NA,,,,25-09-2020
72480,,8811,166267,218007,,,,26-09-2020
58862,,9543,162847,NA,,,,27-09-2020
87475,,6892,162104,NA,,,,28-09-2020
94886,,10453,166819,219017,,,,29-09-2020
96588,,8856,164651,219364,,,,30-09-2020
92059,,10070,169635,219865,,,,01-10-2020
84922,,8793,169714,220168,,,,02-10-2020
85508,,9886,196212,NA,,,,03-10-2020
67303,,10145,210342,220611,,,,04-10-2020
92491,,7051,213587,NA,,,,05-10-2020
104348,,9993,218806,221345,,,,06-10-2020
105248,,10947,217878,221625,,,,07-10-2020
109980,,10704,218726,221779,,,,08-10-2020
112770,,10913,114063,NA,,,,09-10-2020
99923,,10517,122254,222024,,,,10-10-2020
78757,,9523,132070,NA,,,,11-10-2020
106241,,7606,124911,NA,,,,12-10-2020
113773,,8191,118459,223139,,,,13-10-2020
104811,,9265,113987,NA,,,,14-10-2020
105891,,8477,113538,NA,,,,15-10-2020
101016,,7542,112427,224061,,,,16-10-2020
105067,,7184,110674,224565,,,,17-10-2020
78581,,7012,106235,NA,,,,18-10-2020
98236,,5018,106214,225229,,,,19-10-2020
108241,,6297,96128,225229,,,,20-10-2020
107354,,5872,87356,226085,,,,21-10-2020
108356,,5778,85492,226210,,,,22-10-2020
112545,,5356,89483,NA,,,,23-10-2020
100511,,4471,86749,226515,,,,24-10-2020
65892,,4439,73948,NA,,,,25-10-2020
66701,,3130,73121,NA,,,,26-10-2020
86154,,3691,58421,NA,,,,27-10-2020
100683,,3146,56804,NA,,,,28-10-2020
103281,,4025,56866,226919,,,,29-10-2020
101556,,3589,54464,227515,,,,30-10-2020
106773,,3014,55017,228026,,,,31-10-2020
78496,,3653,48217,228932,,,,01-11-2020
94539,,2576,49461,229493,,,,02-11-2020
102503,,2756,54475,229932,,,,03-11-2020
116337,,3377,51683,230325,,,,04-11-2020
110137,,3156,51234,230548,,,,05-11-2020
106317,,2960,49673,231134,,,,06-11-2020
117345,,2258,47707,NA,,,,07-11-2020
84965,,2740,46483,231896,,,,08-11-2020
109508,,1963,43007,232440,,,,09-11-2020
110518,,2362,48384,NA,,,,10-11-2020
115386,,2584,42565,NA,,,,11-11-2020
117999,,2116,43569,NA,,,,12-11-2020
115872,,2016,39325,233392,,,,13-11-2020
99606,,2154,38524,233613,,,,14-11-2020
76545,,1565,38074,234142,,,,15-11-2020
75384,,1157,34850,NA,,,,16-11-2020
97042,,1336,32950,NA,,,,17-11-2020
118474,,1791,37013,NA,,,,18-11-2020
121612,,1849,32921,234831,,,,19-11-2020
125337,,1781,30070,235981,,,,20-11-2020
126904,,1781,32625,NA,,,,21-11-2020
96095,,1704,31788,NA,,,,22-11-2020
118232,,1509,32144,238831,,,,23-11-2020
122454,,1870,38089,NA,,,,24-11-2020
120398,,1630,34917,NA,,,,25-11-2020
113591,,1505,33481,240516,,,,26-11-2020
110724,,1526,32472,NA,,,,27-11-2020
105428,,1522,31565,NA,,,,28-11-2020
82333,,1291,31533,242572,,,,29-11-2020
94885,,998,28617,243727,,,,30-11-2020
105918,,1330,29776,244631,,,,01-12-2020
108685,,1440,29456,244931,,,,02-12-2020
98049,,1446,26996,245864,,,,03-12-2020
104032,,1247,25891,NA,,,,04-12-2020
99320,,1325,24959,247191,,,,05-12-2020
76471,,1321,28121,247587,,,,06-12-2020
88698,,998,24667,248999,,,,07-12-2020
101058,,1280,25429,NA,,,,08-12-2020
84270,,1279,27321,NA,,,,09-12-2020
100846,,1238,25644,251089,,,,10-12-2020
102229,,1210,26080,NA,,,,11-12-2020
88542,,1203,25108,252585,,,,12-12-2020
64855,,1196,24113,254349,,,,13-12-2020
89530,,830,22325,NA,,,,14-12-2020
101750,,1185,20030,255775,,,,15-12-2020
106356,,1240,20029,NA,,,,16-12-2020
104541,,1236,28285,NA,,,,17-12-2020
115150,,1222,24732,NA,,,,18-12-2020
110228,,1152,25184,NA,,,,19-12-2020
73651,,1194,24887,,,,,20-12-2020
95708,,772,25589,262094,,,,21-12-2020
99453,,1141,27659,262946,,,,22-12-2020
98724,,958,29526,264387,,,,23-12-2020
98568,,1143,28181,264412,,,,24-12-2020
95552,,1005,27358,265614,,,,25-12-2020
94795,,857,27772,NA,,,,26-12-2020
67742,,911,25985,NA,,,,27-12-2020
86399,,653,27009,267303,,,,28-12-2020
103857,,662,26403,NA,,,,29-12-2020
115451,,973,24569,269102,,,,30-12-2020
117907,,952,23137,269899,,,,31-12-2020
114123,,877,20786,NA,,,,01-01-2021
121897,,755,18304,271667,,,,02-01-2021
99166,,810,18213,271851,,,,03-01-2021
123067,,600,23130,NA,,,,04-01-2021
134173,,815,23202,NA,,,,05-01-2021
129763,,784,22188,272975,,,,06-01-2021
132517,,761,22174,NA,,,,07-01-2021
124266,,970,21517,NA,,,,08-01-2021
113206,,899,22291,NA,,,,09-01-2021
86903,,792,21446,276470,,,,10-01-2021
110213,,496,20106,277452,,,,11-01-2021
113515,,751,24050,278669,,,,12-01-2021
106255,,746,23419,279158,,,,13-01-2021
84849,,408,20696,NA,,,,14-01-2021
95016,,708,19015,NA,,,,15-01-2021
98479,,584,18968,NA,,,,16-01-2021
69265,,745,17279,280867,,,,17-01-2021
80925,,435,19843,NA,,,,18-01-2021
84090,,645,19390,NA,,,,19-01-2021
88855,,501,18451,NA,,,,20-01-2021
92581,,674,19006,283703,,,,21-01-2021
86410,,324, ,NA,,,,22-01-2021
81114,,902, ,285736,,,,23-01-2021
59427,,573,,NA,,,,24-01-2021
65563,,375,,289087,,,,25-01-2021
58695,,529,,NA,,,,26-01-2021
66061,,428,,NA,,,,27-01-2021
68532,,550,,291084,,,,28-01-2021
73488,,468,,NA,,,,29-01-2021
75451,,464,,NA,,,,30-01-2021
53316,,522,,NA,,,,31-01-2021
60151,,388,,295155,,,,01-02-2021
70766,,395,,NA,,,,02-02-2021
75842,,426,,297161,,,,03-02-2021
74119,,474,,NA,,,,04-01-2021
74519,,470,,299544,,,,05-02-2021
74230,,531,,NA,,,,06-02-2021
48289,,487,,302042,,,,07-02-2021
60485,,328,,NA,,,,08-02-2021
66199,,366,,304332,,,,09-02-2021
68194,,415,,NA,,,,10-02-2021
68993,,430,,NA,,,,11-02-2021
66050,,380,,306657,,,,12-02-2021
60876,,419,,NA,,,,13-02-2021
42245,,414,,NA,,,,14-02-2021
47028,,368,,306657,,,,15-02-2021
54624,,438,,307370,,,,16-02-2021
59635,,378,,NA,,,,17-02-2021
61400,,406,,NA,,,,18-02-2021
58390,,386,,NA,,,,19-02-2021
55234,,490,,310142,,,,20-02-2021
45868,,413,,NA,,,,21-02-2021
50827,,317,,312020,,,,22-02-2021
63042,,383,,312656,,,,23-02-2021
68166,,334,,NA,,,,24-02-2021
76799,,453,,NA,,,,25-02-2021
73432,,571,,NA,,,,26-02-2021
84014,,523,,NA,,,,27-02-2021
60127,,521,,NA,,,,28-02-2021
64247,,349,,NA,,,,01-03-2021
68339,,437,,NA,,,,02-03-2021
78618,,528,,NA,,,,03-03-2021
78807,,571,,NA,,,,04-03-2021
82229,,677,,NA,,,,05-03-2021
75960,,580,,317492,,,,06-03-2021
56445,,622,,NA,,,,07-03-2021
66426,,436,,NA,,,,08-03-2021
70133,,590,,NA,,,,09-03-2021
73101,,760,,NA,,,,10-03-2021
73632,,783,,NA,,,,11-03-2021
72650,,833,,NA,,,,12-03-2021
73108,,921,,NA,,,,13-03-2021
62358,,934,,NA,,,,14-03-2021
68469,,932,,NA,,,,15-03-2021
86648,,1135,,321026,,,,16-03-2021
93370,,1275,,NA,,,,17-03-2021
91884,,1488,,NA,,,,18-03-2021
94043,,1587,,NA,,,,19-03-2021
101840,,1798,,NA,,,,20-03-2021
78178,,1715,,NA,,,,21-03-2021
98733,,1445,,NA,,,,22-03-2021
108013,,2010,,327324,,,,23-03-2021
108396,,2298,,327464,,,,24-03-2021
112271,,2523,,329477,,,,25-03-2021
107416,,2566,,NA,,,,26-03-2021
106328,,2886,,329913,,,,27-03-2021
87197,,3082,,NA,,,,28-03-2021
106917,,2792,,331239,,,,29-03-2021
108658,,2975,,NA,,,,30-03-2021
115732,,4225,,333125,,,,31-03-2021
118933,,4234,,333910,,,,01-04-2021
123830,,4991,,335139,,,,02-04-2021
119881,,4373,,336070,,,,03-04-2021
97829,,4553,,NA,,,,04-04-2021
102021,,5279,,NA,,,,05-04-2021
125390,,6150,,338925,,,,06-04-2021
108757,,6976,,339156,,,,07-04-2021
135163,,6570,,NA,,,,08-04-2021
98790,,7955,,NA,,,,09-04-2021
132706,,6955,,NA,,,,10-04-2021
116165,,10250,,NA,,,,11-04-2021
121899,,9579,,342467,,,,12-04-2021
113242,,8778,,NA,,,,13-04-2021
129400,,11265,,343447,,,,14-04-2021
133737,,14738,,NA,,,,15-04-2021
143308,,14859,,NA,,,,16-04-2021
145645,,17489,,NA,,,,17-04-2021
123212,,19067,,345528,,,,18-04-2021
147488,,15785,,NA,,,,19-04-2021
152281,,21794,,NA,,,,20-04-2021
162534,,23558,,NA,,,,21-04-2021
177466,,25795,,NA,,,,22-04-2021
189613,,26962,,347755,,,,23-04-2021
176614,,29438,,NA,,,,24-04-2021
166407,,34804,,NA,,,,25-04-2021
170116,,29744,,NA,,,,26-04-2021
171997,,31830,,NA,,,,27-04-2021
175816,,39047,,NA,,,,28-04-2021
189793,,35024,,NA,,,,29-04-2021
177982,,48296,,NA,,,,30-04-2021
158365,,40990,,351273,,,,01-05-2021
149090,,37733,,NA,,,,02-05-2021
153707,,44438,,NA,,,,03-05-2021
155224,,44631,,NA,,,,04-05-2021
164441,,50112,,352624,,,,05-05-2021
158902,,49058,,NA,,,,06-05-2021
157027,,48781,,NA,,,,07-05-2021
146491,,47563,,NA,,,,08-05-2021
124110,,47930,,NA,,,,09-05-2021
116238,,39305,,NA,,,,10-05-2021
134792,,39510,,NA,,,,11-05-2021
127668,,39998,,NA,,,,12-05-2021
127105,,35297,,NA,,,,13-05-2021
118345,,41779,,NA,,,,14-05-2021
113219,,41664,,NA,,,,15-05-2021
97236,,31531,,NA,,,,16-05-2021
93247,,38603,,NA,,,,17-05-2021
129538,,30309,,NA,,,,18-05-2021
120711,,34281,,NA,,,,19-05-2021
133013,,28869,,NA,,,,20-05-2021
128671,,32218,,NA,,,,21-05-2021
125117,,31183,,NA,,,,22-05-2021
108723,,25979,,NA,,,,23-05-2021
107675,,25311,,NA,,,,24-05-2021
137584,,22758,,NA,,,,25-05-2021
137643,,26811,,NA,,,,26-05-2021
138983,,24214,,NA,,,,27-05-2021
137894,,22823,,NA,,,,28-05-2021
138809,,20628,,NA,,,,29-05-2021
122329,,20378,,NA,,,,30-05-2021
116224,,16604,,352731,,,,31-05-2021
145923,,14304,,NA,,,,01-06-2021
150168,,16387,,NA,,,,02-06-2021
150610,,18324,,352753,,,,03-06-2021
142291,,16068,,352853,,,,04-06-2021
158274,,13800,,NA,,,,05-06-2021
131553,,12209,,352974,,,,06-06-2021
130224,,11958,,NA,,,,07-06-2021
163962,,9808,,NA,,,,08-06-2021
166731,,10959,,353712,,,,09-06-2021
169695,,11042,,NA,,,,10-06-2021
148027,,8249,,353854,,,,11-06-2021
129617,,9785,,NA,,,,12-06-2021
149742,,7810,,354099,,,,13-06-2021
132600,,6835,,354462,,,,14-06-2021
168712,,5041,,354629,,,,15-06-2021
158442,,7345,,354664,,,,16-06-2021
142498,,5983,,NA,,,,17-06-2021
171765,,5783, ,NA,,,,18-06-2021
174521,,5815,,NA,,,,19-06-2021
149731,,4517,,NA,,,,20-06-2021
129099,,4867,,NA,,,,21-06-2021
170654,,3709,,NA,,,,22-06-2021
161287,,4436,,354736,,,,23-06-2021
158072,,3979,,NA,,,,24-06-2021
165010,,3310,,NA,,,,25-06-2021
164636,,4272,,NA,,,,26-06-2021
133917,,3604,,NA,,,,27-06-2021
126670,,2576,,NA,,,,28-06-2021
171112,,3222,,NA,,,,29-06-2021
156078,,3382,,NA,,,,30-06-2021
155101,,3203,,NA,,,,01-07-2021
154655,,2984,,NA,,,,02-07-2021
153083,,2082,,,,,,03-07-2021
146575,,1564,,,,,,04-07-2021
116912,,2848,,,,,,05-07-2021
166631,,3104,,,,,,06-07-2021
157552,,2743,,,,,,07-07-2021
153740,,2530,,,,,,08-07-2021
145666,,2290,,,,,,09-07-2021
158898,,2162,,,,,,10-07-2021
109399,,1978,,,,,,11-07-2021
124594,,1386,,,,,,12-07-2021
124494,,1913,,,,,,13-07-2021
138274,,1990,,,,,,14-07-2021
152908,,1977,,,,,,15-07-2021
142856,,1806,,,,,,16-07-2021
156564,,1869,,,,,,17-07-2021
135974,,1708,,,,,,18-07-2021
113456,,1291,,,,,,19-07-2021
152714,,1464,,,,,,20-07-2021
140343,,1639,,,,,,21-07-2021
125426,,1653,,,,,,22-07-2021
153415,,1705,,,,,,23-07-2021
146988,,1857,,,,,,24-07-2021
114072,,1001,,,,,,25-07-2021
102494,,1606,,,,,,26-07-2021
148319,,1501,,,,,,27-07-2021
148861,,1531,,,,,,28-07-2021
145197,,2052,,,,,,29-07-2021
138532,,1890,,,,,,30-07-2021
155048,,1987,,,,,,31-07-2021
133030,,1875,,,,,,01-08-2021
121021,,1285,,,,,,02-08-2021
169411,,1674,,,,,,03-08-2021
161662,,1769,,,,,,04-08-2021
162338,,1785,,,,,,05-08-2021
147869,,1805,,,,,,06-08-2021
146446,,1610,,,,,,07-08-2021
132192,,1598,,,,,,08-08-2021
126400,,1186,,,,,,09-08-2021
167237,,1338,,,,,,10-08-2021
161275,,1826,,,,,,11-08-2021
169332,,1857,,,,,,12-08-2021
155989,,1669,,,,,,13-08-2021
152767,,1632,,,,,,14-08-2021
113580,,1431,,,,,,15-08-2021
128269,,1065,,,,,,16-08-2021
179016,,1298,,,,,,17-08-2021
176977,,1365,,,,,,18-08-2021
173000,,1432,,,,,,19-08-2021
157509,,1453,,,,,,20-08-2021
125158,,1350,,,,,,21-08-2021
106364,,1189,,,,,,22-08-2021
190915,,1151,,,,,,23-08-2021
195966,,1259,,,,,,24-08-2021
187187,,1224,,,,,,25-08-2021
186900,,1213,,,,,,26-08-2021
183642,,1301,,,,,,27-08-2021
178664,,1229,,,,,,28-08-2021
151219,,1262,,,,,,29-08-2021
128657,,973,,,,,,30-08-2021
175319,,1217,,,,,,31-08-2021
165386,,1159,,,,,,01-09-2021
179227,,1240,,,,,,02-09-2021
159248,,1220,,,,,,03-09-2021
156902,,983,,,,,,04-09-2021
139090,,1117,,,,,,05-09-2021
118791,,973,,,,,,06-09-2021
169621,,851,,,,,,07-09-2021
169448,,1102,,,,,,08-09-2021
167679,,1074,,,,,,09-09-2021
119503,,967,,,,,,10-09-2021
100176,,801,,,,,,11-09-2021
119014,,803,,,,,,12-09-2021
105645,,673,,,,,,13-09-2021
170306,,559,,,,,,14-09-2021
166006,,1116,,,,,,15-09-2021
148496,,1108,,,,,,16-09-2021
138920,,1003,,,,,,17-09-2021
129874,,889,,,,,,18-09-2021
112160,,783,,,,,,19-09-2021
101549,,677,,,,,,20-09-2021
146772,,818,,,,,,21-09-2021
145085,,847,,,,,,22-09-2021
135581,,836,,,,,,23-09-2021
140832,,789,,,,,,24-09-2021
140970,,787,,,,,,25-09-2021
103800,,775,,,,,,26-09-2021
93014,,504,,,,,,27-09-2021
111538,,629,,,,,,28-09-2021
114529,,539,,,,,,29-09-2021
126932,,933,,,,,,30-09-2021
169319,,589,,,,,,01-10-2021
126386,,636,,,,,,02-10-2021
78958,,664,,,,,,03-10-2021
87303,,397,,,,,,04-10-2021
131898,,523,,,,,,05-10-2021
122647,,523,,,,,,06-10-2021
91772,,442,,,,,,07-10-2021
120045,,397,,,,,,08-10-2021
114365,,451,,,,,,09-10-2021
82853,,406,,,,,,10-10-2021
79177,,373,,,,,,11-10-2021
112780,,332,,,,,,12-10-2021
114967,,357,,,,,,13-10-2021
93806,,310,,,,,,14-10-2021
60141,,470,,,,,,15-10-2021
78742,,264,,,,,,16-10-2021
77901,,326,,,,,,17-10-2021
85022,,214,,,,,,18-10-2021
116121,,349,,,,,,19-10-2021
117713,,462,,,,,,20-10-2021
103121,,365,,,,,,21-10-2021
120073,,378,,,,,,22-10-2021
117827,,371,,,,,,23-10-2021
89964,,388,,,,,,24-10-2021
75283,,290,,,,,,25-10-2021
117351,,277,,,,,,26-10-2021
113152,,282,,,,,,27-10-2021
112658,,478,,,,,,28-10-2021
108868,,381,,,,,,29-10-2021
106939,,347,,,,,,30-10-2021
73924,,292,,,,,,31-10-2021
60711,,188,,,,,,01-11-2021
76420,,239,,,,,,02-11-2021
53488,,254,,,,,,03-11-2021
80145,,261,,,,,,04-11-2021
59144,,214,,,,,,05-11-2021
110220,,224,,,,,,06-11-2021
105278,,239,,,,,,07-11-2021
79996,,283,,,,,,08-11-2021
117748,,293,,,,,,09-11-2021
111190,,328,,,,,,10-11-2021
103169,,286,,,,,,11-11-2021
101119,,227,,,,,,12-11-2021
96838,,245,,,,,,13-11-2021
66596,,236,,,,,,14-11-2021
66993,,171,,,,,,15-11-2021
104090,,255,,,,,,16-11-2021
86690,,308,,,,,,17-11-2021
89715,,313,,,,,,18-11-2021
80090,,242,,,,,,19-11-2021
78037,,213,,,,,,20-11-2021
55699,,247,,,,,,21-11-2021
51618,,178,,,,,,22-11-2021
65371,,224,,,,,,23-11-2021
84513,,254,,,,,,24-11-2021
66805,,306,,,,,,25-11-2021
94651,,402,,,,,,26-11-2021
77818,,322,,,,,,27-11-2021
56825,,315,,,,,,28-11-2021
61804,,257,,,,,,29-11-2021
101778,,291,,,,,,30-11-2021
60711,,322,,,,,,01-12-2021
105879,,239,,,,,,02-12-2021
112937,,413,,,,,,03-12-2021
110556,,397,,,,,,04-12-2021
88387,,456,,,,,,05-12-2021
81194,,301,,,,,,06-12-2021
116141,,299,,,,,,07-12-2021
118227,,399,,,,,,08-12-2021
119766,,373,,,,,,09-12-2021
105978,,314,,,,,,10-12-2021
118696,,320,,,,,,11-12-2021
80217,,330,,,,,,12-12-2021
71308,,236,,,,,,13-12-2021
119845,,263,,,,,,14-12-2021
129411,,317,,,,,,15-12-2021
117058,,303,,,,,,16-12-2021
118032,,238,,,,,,17-12-2021
112524,,335,,,,,,18-12-2021
87469,,300,,,,,,19-12-2021
75639,,222,,,,,,20-12-2021
97897,,295,,,,,,21-12-2021
127098,,321,,,,,,22-12-2021
114559,,299,,,,,,23-12-2021
97782,,405,,,,,,24-12-2021
73894,,270,,,,,,25-12-2021
58495,,348,,,,,,26-12-2021
69993,,289,,,,,,27-12-2021
108726,,356,,,,,,28-12-2021
114686,,566,,,,,,29-12-2021
117917,,707,,,,,,30-12-2021
119225,,832,,,,,,31-12-2021
108911,,1033,,,,,,01-01-2022
80409,,1187,,,,,,02-01-2022
95391,,1290,,,,,,03-01-2022
127328,,2479,,,,,,04-01-2022
127194,,4246,,,,,,05-01-2022
203260,,5031,,,,,,06-01-2022
164261,,8449,,,,,,07-01-2022
189499,,8906,,,,,,08-01-2022
150479,,12000,,,,,,09-01-2022
140452,,11698,,,,,,10-01-2022
195047,,14473,,,,,,11-01-2022
201704,,21390,,,,,,12-01-2022
221205,,25005,,,,,,13-01-2022
218479,,28723,,,,,,14-01-2022
176470,,32793,,,,,,15-01-2022
217998,,34047,,,,,,16-01-2022
185872,,27156,,,,,,17-01-2022
215312,,41457,,,,,,18-01-2022
258290,,40499,,,,,,19-01-2022
249832,,47754,,,,,,20-01-2022
219699,,48049,,,,,,21-01-2022
220459,,42470,,,,,,22-01-2022
140884,,50210,,,,,,23-01-2022
155054,,46426,,,,,,24-01-2022
217230,,41400,,,,,,25-01-2022
186313,,48905,,,,,,26-01-2022
149174,,38083,,,,,,27-01-2022
172062,,31198,,,,,,28-01-2022
172483,,33337,,,,,,29-01-2022
141240,,28264,,,,,,30-01-2022
106799,,24172,,,,,,31-01-2022
163320,,14366,,,,,,01-02-2022
145204,,20505,,,,,,02-02-2022
136777,,16436,,,,,,03-02-2022
132796,,14950,,,,,,04-02-2022
129337,,12009,,,,,,05-02-2022
99254,,8425,,,,,,06-02-2022
88797,,6151,,,,,,07-02-2022
128705,,4452,,,,,,08-02-2022
,,5339,,,,,,09-02-2022
